Cabeçalho,Razão CG
lcl|AF380138.1_cds_AAL40459.1_1 [gene=J1L] [protein=J1L] [protein_id=AAL40459.1] [location=complement(871..1611)] [gbkey=CDS],0.430
lcl|AF380138.1_cds_AAL40460.1_2 [gene=J2L] [protein=J2L] [protein_id=AAL40460.1] [location=complement(1740..2786)] [gbkey=CDS],0.399
lcl|AF380138.1_cds_AAL40461.1_3 [gene=J3L] [protein=J3L] [protein_id=AAL40461.1] [location=complement(2877..4640)] [gbkey=CDS],0.374
lcl|AF380138.1_cds_AAL40462.1_4 [gene=D1L] [protein=D1L] [protein_id=AAL40462.1] [location=complement(4797..6110)] [gbkey=CDS],0.321
lcl|AF380138.1_cds_AAL40463.1_5 [gene=D2L] [protein=D2L] [protein_id=AAL40463.1] [location=complement(6927..7121)] [gbkey=CDS],0.303
lcl|AF380138.1_cds_AAL40464.1_6 [gene=D3R] [protein=D3R] [protein_id=AAL40464.1] [location=7556..7984] [gbkey=CDS],0.366
lcl|AF380138.1_cds_AAL40465.1_7 [gene=D4L] [protein=D4L] [protein_id=AAL40465.1] [location=complement(8830..9081)] [gbkey=CDS],0.266
lcl|AF380138.1_cds_AAL40466.1_8 [gene=D5R] [protein=D5R] [protein_id=AAL40466.1] [location=9567..10295] [gbkey=CDS],0.302
lcl|AF380138.1_cds_AAL40467.1_9 [gene=D6L] [protein=D6L] [protein_id=AAL40467.1] [location=complement(10523..10903)] [gbkey=CDS],0.394
lcl|AF380138.1_cds_AAL40468.1_10 [gene=D7L] [protein=D7L] [protein_id=AAL40468.1] [location=complement(10963..12945)] [gbkey=CDS],0.335
lcl|AF380138.1_cds_AAL40469.1_11 [gene=D8L] [protein=D8L] [protein_id=AAL40469.1] [location=complement(13079..13273)] [gbkey=CDS],0.431
lcl|AF380138.1_cds_AAL40470.1_12 [gene=D9L] [protein=D9L] [protein_id=AAL40470.1] [location=complement(13433..15325)] [gbkey=CDS],0.282
lcl|AF380138.1_cds_AAL40471.1_13 [gene=D10L] [protein=D10L] [protein_id=AAL40471.1] [location=complement(15980..16432)] [gbkey=CDS],0.325
lcl|AF380138.1_cds_AAL40472.1_14 [gene=D11L] [protein=D11L] [protein_id=AAL40472.1] [location=complement(16661..17122)] [gbkey=CDS],0.335
lcl|AF380138.1_cds_AAL40473.1_15 [gene=D12L] [protein=D12L] [protein_id=AAL40473.1] [location=complement(17266..17886)] [gbkey=CDS],0.295
lcl|AF380138.1_cds_AAL40474.1_16 [gene=D13L] [protein=D13L] [protein_id=AAL40474.1] [location=complement(17931..18878)] [gbkey=CDS],0.297
lcl|AF380138.1_cds_AAL40475.1_17 [gene=D14L] [protein=D14L] [protein_id=AAL40475.1] [location=complement(19060..19710)] [gbkey=CDS],0.401
lcl|AF380138.1_cds_AAL40476.1_18 [gene=D15L] [protein=D15L] [protein_id=AAL40476.1] [location=complement(19834..20151)] [gbkey=CDS],0.311
lcl|AF380138.1_cds_AAL40477.1_19 [gene=D16L] [protein=D16L] [protein_id=AAL40477.1] [location=complement(20205..20438)] [gbkey=CDS],0.342
lcl|AF380138.1_cds_AAL40478.1_20 [gene=D17L] [protein=D17L] [protein_id=AAL40478.1] [location=complement(20440..20736)] [gbkey=CDS],0.316
lcl|AF380138.1_cds_AAL40479.1_21 [gene=D18L] [protein=D18L] [protein_id=AAL40479.1] [location=complement(20819..21142)] [gbkey=CDS],0.324
lcl|AF380138.1_cds_AAL40480.1_22 [gene=D19L] [protein=D19L] [protein_id=AAL40480.1] [location=complement(21366..22010)] [gbkey=CDS],0.299
lcl|AF380138.1_cds_AAL40481.1_23 [gene=P1L] [protein=P1L] [protein_id=AAL40481.1] [location=complement(22056..22409)] [gbkey=CDS],0.342
lcl|AF380138.1_cds_AAL40482.1_24 [gene=P2L] [protein=P2L] [protein_id=AAL40482.1] [location=complement(22536..23069)] [gbkey=CDS],0.328
lcl|AF380138.1_cds_AAL40483.1_25 [gene=O1L] [protein=O1L] [protein_id=AAL40483.1] [location=complement(23110..24438)] [gbkey=CDS],0.330
lcl|AF380138.1_cds_AAL40484.1_26 [gene=O2L] [protein=O2L] [protein_id=AAL40484.1] [location=complement(24508..25170)] [gbkey=CDS],0.351
lcl|AF380138.1_cds_AAL40485.1_27 [gene=C1L] [protein=C1L] [protein_id=AAL40485.1] [location=complement(25299..26153)] [gbkey=CDS],0.347
lcl|AF380138.1_cds_AAL40486.1_28 [gene=C2L] [protein=C2L] [protein_id=AAL40486.1] [location=complement(26384..27511)] [gbkey=CDS],0.343
lcl|AF380138.1_cds_AAL40487.1_29 [gene=C3L] [protein=C3L] [protein_id=AAL40487.1] [location=complement(27672..27803)] [gbkey=CDS],0.371
lcl|AF380138.1_cds_AAL40488.1_30 [gene=C4L] [protein=C4L] [protein_id=AAL40488.1] [location=complement(27859..29133)] [gbkey=CDS],0.336
lcl|AF380138.1_cds_AAL40489.1_31 [gene=C5L] [protein=C5L] [protein_id=AAL40489.1] [location=complement(29160..29990)] [gbkey=CDS],0.361
lcl|AF380138.1_cds_AAL40490.1_32 [gene=C6R] [protein=C6R] [protein_id=AAL40490.1] [location=30126..30575] [gbkey=CDS],0.340
lcl|AF380138.1_cds_AAL40491.1_33 [gene=C7L] [protein=C7L] [protein_id=AAL40491.1] [location=complement(30619..31278)] [gbkey=CDS],0.327
lcl|AF380138.1_cds_AAL40492.1_34 [gene=C8L] [protein=C8L] [protein_id=AAL40492.1] [location=complement(31290..31745)] [gbkey=CDS],0.371
lcl|AF380138.1_cds_AAL40493.1_35 [gene=C9L] [protein=C9L] [protein_id=AAL40493.1] [location=complement(31762..33225)] [gbkey=CDS],0.342
lcl|AF380138.1_cds_AAL40494.1_36 [gene=C10L] [protein=C10L] [protein_id=AAL40494.1] [location=complement(33236..34195)] [gbkey=CDS],0.349
lcl|AF380138.1_cds_AAL40495.1_37 [gene=C11L] [protein=C11L] [protein_id=AAL40495.1] [location=complement(34227..35258)] [gbkey=CDS],0.335
lcl|AF380138.1_cds_AAL40496.1_38 [gene=C12L] [protein=C12L] [protein_id=AAL40496.1] [location=complement(35215..35436)] [gbkey=CDS],0.297
lcl|AF380138.1_cds_AAL40497.1_39 [gene=C13L] [protein=C13L] [protein_id=AAL40497.1] [location=complement(35452..35676)] [gbkey=CDS],0.342
lcl|AF380138.1_cds_AAL40498.1_40 [gene=C14L] [protein=C14L] [protein_id=AAL40498.1] [location=complement(35828..36022)] [gbkey=CDS],0.390
lcl|AF380138.1_cds_AAL40499.1_41 [gene=C15L] [protein=C15L] [protein_id=AAL40499.1] [location=complement(36079..36717)] [gbkey=CDS],0.347
lcl|AF380138.1_cds_AAL40500.1_42 [gene=C16L] [protein=C16L] [protein_id=AAL40500.1] [location=complement(36704..38023)] [gbkey=CDS],0.304
lcl|AF380138.1_cds_AAL40501.1_43 [gene=C17L] [protein=C17L] [protein_id=AAL40501.1] [location=complement(38046..39110)] [gbkey=CDS],0.355
lcl|AF380138.1_cds_AAL40502.1_44 [gene=C18L] [protein=C18L] [protein_id=AAL40502.1] [location=complement(39154..41061)] [gbkey=CDS],0.336
lcl|AF380138.1_cds_AAL40503.1_45 [gene=C19L] [protein=C19L] [protein_id=AAL40503.1] [location=complement(41104..42222)] [gbkey=CDS],0.366
lcl|AF380138.1_cds_AAL40504.1_46 [gene=C20L] [protein=C20L] [protein_id=AAL40504.1] [location=complement(42240..42461)] [gbkey=CDS],0.320
lcl|AF380138.1_cds_AAL40505.1_47 [gene=C21L] [protein=C21L] [protein_id=AAL40505.1] [location=complement(42733..43209)] [gbkey=CDS],0.279
lcl|AF380138.1_cds_AAL40506.1_48 [gene=C22L] [protein=C22L] [protein_id=AAL40506.1] [location=complement(43216..43911)] [gbkey=CDS],0.309
lcl|AF380138.1_cds_AAL40507.1_49 [gene=C23R] [protein=C23R] [protein_id=AAL40507.1] [location=43973..44278] [gbkey=CDS],0.405
lcl|AF380138.1_cds_AAL40508.1_50 [gene=F1L] [protein=F1L] [protein_id=AAL40508.1] [location=complement(44275..45714)] [gbkey=CDS],0.293
lcl|AF380138.1_cds_AAL40509.1_51 [gene=F2L] [protein=F2L] [protein_id=AAL40509.1] [location=complement(45711..47924)] [gbkey=CDS],0.308
lcl|AF380138.1_cds_AAL40510.1_52 [gene=F3L] [protein=F3L] [protein_id=AAL40510.1] [location=complement(48048..48509)] [gbkey=CDS],0.379
lcl|AF380138.1_cds_AAL40511.1_53 [gene=F4L] [protein=F4L] [protein_id=AAL40511.1] [location=complement(48670..49449)] [gbkey=CDS],0.351
lcl|AF380138.1_cds_AAL40512.1_54 [gene=F5R] [protein=F5R] [protein_id=AAL40512.1] [location=50477..52180] [gbkey=CDS],0.312
lcl|AF380138.1_cds_AAL40513.1_55 [gene=F6R] [protein=F6R] [protein_id=AAL40513.1] [location=52262..52762] [gbkey=CDS],0.305
lcl|AF380138.1_cds_AAL40514.1_56 [gene=F7R] [protein=F7R] [protein_id=AAL40514.1] [location=52862..53683] [gbkey=CDS],0.336
lcl|AF380138.1_cds_AAL40515.1_57 [gene=F8L] [protein=F8L] [protein_id=AAL40515.1] [location=complement(53691..56711)] [gbkey=CDS],0.345
lcl|AF380138.1_cds_AAL40516.1_58 [gene=F9R] [protein=F9R] [protein_id=AAL40516.1] [location=56743..57030] [gbkey=CDS],0.361
lcl|AF380138.1_cds_AAL40517.1_59 [gene=F10L] [protein=F10L] [protein_id=AAL40517.1] [location=complement(57025..57414)] [gbkey=CDS],0.321
lcl|AF380138.1_cds_AAL40518.1_60 [gene=Q1L] [protein=Q1L] [protein_id=AAL40518.1] [location=complement(57401..59398)] [gbkey=CDS],0.326
lcl|AF380138.1_cds_AAL40519.1_61 [gene=Q2L] [protein=Q2L] [protein_id=AAL40519.1] [location=complement(59445..59771)] [gbkey=CDS],0.349
lcl|AF380138.1_cds_AAL40520.1_62 [gene=I1L] [protein=I1L] [protein_id=AAL40520.1] [location=complement(59918..60856)] [gbkey=CDS],0.329
lcl|AF380138.1_cds_AAL40521.1_63 [gene=I2L] [protein=I2L] [protein_id=AAL40521.1] [location=complement(60863..61084)] [gbkey=CDS],0.288
lcl|AF380138.1_cds_AAL40522.1_64 [gene=I3L] [protein=I3L] [protein_id=AAL40522.1] [location=complement(61085..61894)] [gbkey=CDS],0.357
lcl|AF380138.1_cds_AAL40523.1_65 [gene=I4L] [protein=I4L] [protein_id=AAL40523.1] [location=complement(61976..64291)] [gbkey=CDS],0.373
lcl|AF380138.1_cds_AAL40524.1_66 [gene=I5L] [protein=I5L] [protein_id=AAL40524.1] [location=complement(64320..64559)] [gbkey=CDS],0.325
lcl|AF380138.1_cds_AAL40525.1_67 [gene=I6L] [protein=I6L] [protein_id=AAL40525.1] [location=complement(64578..65726)] [gbkey=CDS],0.312
lcl|AF380138.1_cds_AAL40526.1_68 [gene=I7L] [protein=I7L] [protein_id=AAL40526.1] [location=complement(65719..66990)] [gbkey=CDS],0.319
lcl|AF380138.1_cds_AAL40527.1_69 [gene=I8R] [protein=I8R] [protein_id=AAL40527.1] [location=66996..69026] [gbkey=CDS],0.323
lcl|AF380138.1_cds_AAL40528.1_70 [gene=G1L] [protein=G1L] [protein_id=AAL40528.1] [location=complement(69030..70805)] [gbkey=CDS],0.320
lcl|AF380138.1_cds_AAL40529.1_71 [gene=G2L] [protein=G2L] [protein_id=AAL40529.1] [location=complement(70802..71137)] [gbkey=CDS],0.304
lcl|AF380138.1_cds_AAL40530.1_72 [gene=G3R] [protein=G3R] [protein_id=AAL40530.1] [location=71131..71793] [gbkey=CDS],0.312
lcl|AF380138.1_cds_AAL40531.1_73 [gene=G4L] [protein=G4L] [protein_id=AAL40531.1] [location=complement(71763..72137)] [gbkey=CDS],0.360
lcl|AF380138.1_cds_AAL40532.1_74 [gene=G5R] [protein=G5R] [protein_id=AAL40532.1] [location=72140..73444] [gbkey=CDS],0.307
lcl|AF380138.1_cds_AAL40533.1_75 [gene=G6R] [protein=G6R] [protein_id=AAL40533.1] [location=73452..73643] [gbkey=CDS],0.339
lcl|AF380138.1_cds_AAL40534.1_76 [gene=G7R] [protein=G7R] [protein_id=AAL40534.1] [location=73643..74140] [gbkey=CDS],0.299
lcl|AF380138.1_cds_AAL40535.1_77 [gene=G8L] [protein=G8L] [protein_id=AAL40535.1] [location=complement(74105..75220)] [gbkey=CDS],0.332
lcl|AF380138.1_cds_AAL40536.1_78 [gene=G9R] [protein=G9R] [protein_id=AAL40536.1] [location=75251..76033] [gbkey=CDS],0.346
lcl|AF380138.1_cds_AAL40537.1_79 [gene=G10R] [protein=G10R] [protein_id=AAL40537.1] [location=76053..77075] [gbkey=CDS],0.373
lcl|AF380138.1_cds_AAL40538.1_80 [gene=M1R] [protein=M1R] [protein_id=AAL40538.1] [location=77076..77828] [gbkey=CDS],0.381
lcl|AF380138.1_cds_AAL40539.1_81 [gene=M2R] [protein=M2R] [protein_id=AAL40539.1] [location=77860..78138] [gbkey=CDS],0.301
lcl|AF380138.1_cds_AAL40540.1_82 [gene=M3L] [protein=M3L] [protein_id=AAL40540.1] [location=complement(78114..79148)] [gbkey=CDS],0.339
lcl|AF380138.1_cds_AAL40541.1_83 [gene=M4R] [protein=M4R] [protein_id=AAL40541.1] [location=79173..79928] [gbkey=CDS],0.336
lcl|AF380138.1_cds_AAL40542.1_84 [gene=M5R] [protein=M5R] [protein_id=AAL40542.1] [location=79938..80324] [gbkey=CDS],0.310
lcl|AF380138.1_cds_AAL40543.1_85 [gene=L1R] [protein=L1R] [protein_id=AAL40543.1] [location=80281..80739] [gbkey=CDS],0.322
lcl|AF380138.1_cds_AAL40544.1_86 [gene=L2R] [protein=L2R] [protein_id=AAL40544.1] [location=80759..81292] [gbkey=CDS],0.363
lcl|AF380138.1_cds_AAL40545.1_87 [gene=L3R] [protein=L3R] [protein_id=AAL40545.1] [location=81358..82359] [gbkey=CDS],0.345
lcl|AF380138.1_cds_AAL40546.1_88 [gene=L4R] [protein=L4R] [protein_id=AAL40546.1] [location=82274..82831] [gbkey=CDS],0.315
lcl|AF380138.1_cds_AAL40547.1_89 [gene=L5L] [protein=L5L] [protein_id=AAL40547.1] [location=complement(82891..83292)] [gbkey=CDS],0.331
lcl|AF380138.1_cds_AAL40548.1_90 [gene=L6R] [protein=L6R] [protein_id=AAL40548.1] [location=83399..87259] [gbkey=CDS],0.354
lcl|AF380138.1_cds_AAL40549.1_91 [gene=H1L] [protein=H1L] [protein_id=AAL40549.1] [location=complement(87256..87771)] [gbkey=CDS],0.326
lcl|AF380138.1_cds_AAL40550.1_92 [gene=H2R] [protein=H2R] [protein_id=AAL40550.1] [location=87785..88354] [gbkey=CDS],0.354
lcl|AF380138.1_cds_AAL40551.1_93 [gene=H3L] [protein=H3L] [protein_id=AAL40551.1] [location=complement(88358..89332)] [gbkey=CDS],0.343
lcl|AF380138.1_cds_AAL40552.1_94 [gene=H4L] [protein=H4L] [protein_id=AAL40552.1] [location=complement(89333..91720)] [gbkey=CDS],0.311
lcl|AF380138.1_cds_AAL40553.1_95 [gene=H5R] [protein=H5R] [protein_id=AAL40553.1] [location=91905..92546] [gbkey=CDS],0.391
lcl|AF380138.1_cds_AAL40554.1_96 [gene=H6R] [protein=H6R] [protein_id=AAL40554.1] [location=92547..93491] [gbkey=CDS],0.313
lcl|AF380138.1_cds_AAL40555.1_97 [gene=H7R] [protein=H7R] [protein_id=AAL40555.1] [location=93529..93969] [gbkey=CDS],0.349
lcl|AF380138.1_cds_AAL40556.1_98 [gene=E1R] [protein=E1R] [protein_id=AAL40556.1] [location=94013..96550] [gbkey=CDS],0.330
lcl|AF380138.1_cds_AAL40557.1_99 [gene=E2L] [protein=E2L] [protein_id=AAL40557.1] [location=complement(96509..96949)] [gbkey=CDS],0.297
lcl|AF380138.1_cds_AAL40558.1_100 [gene=E3R] [protein=E3R] [protein_id=AAL40558.1] [location=96942..97643] [gbkey=CDS],0.302
lcl|AF380138.1_cds_AAL40559.1_101 [gene=E4R] [protein=E4R] [protein_id=AAL40559.1] [location=97643..98299] [gbkey=CDS],0.364
lcl|AF380138.1_cds_AAL40560.1_102 [gene=E5R] [protein=E5R] [protein_id=AAL40560.1] [location=98331..100688] [gbkey=CDS],0.339
lcl|AF380138.1_cds_AAL40561.1_103 [gene=E6R] [protein=E6R] [protein_id=AAL40561.1] [location=100728..102641] [gbkey=CDS],0.317
lcl|AF380138.1_cds_AAL40562.1_104 [gene=E7R] [protein=E7R] [protein_id=AAL40562.1] [location=102668..103153] [gbkey=CDS],0.366
lcl|AF380138.1_cds_AAL40563.1_105 [gene=E8L] [protein=E8L] [protein_id=AAL40563.1] [location=complement(103116..104030)] [gbkey=CDS],0.333
lcl|AF380138.1_cds_AAL40564.1_106 [gene=E9R] [protein=E9R] [protein_id=AAL40564.1] [location=104072..104713] [gbkey=CDS],0.291
lcl|AF380138.1_cds_AAL40565.1_107 [gene=E10R] [protein=E10R] [protein_id=AAL40565.1] [location=104710..105456] [gbkey=CDS],0.305
lcl|AF380138.1_cds_AAL40566.1_108 [gene=E11L] [protein=E11L] [protein_id=AAL40566.1] [location=complement(105457..107352)] [gbkey=CDS],0.338
lcl|AF380138.1_cds_AAL40567.1_109 [gene=E12L] [protein=E12L] [protein_id=AAL40567.1] [location=complement(107387..108250)] [gbkey=CDS],0.343
lcl|AF380138.1_cds_AAL40568.1_110 [gene=E13L] [protein=E13L] [protein_id=AAL40568.1] [location=complement(108281..109936)] [gbkey=CDS],0.345
lcl|AF380138.1_cds_AAL40569.1_111 [gene=A1L] [protein=A1L] [protein_id=AAL40569.1] [location=complement(109961..110413)] [gbkey=CDS],0.338
lcl|AF380138.1_cds_AAL40570.1_112 [gene=A2L] [protein=A2L] [protein_id=AAL40570.1] [location=complement(110434..111108)] [gbkey=CDS],0.295
lcl|AF380138.1_cds_AAL40571.1_113 [gene=A3L] [protein=A3L] [protein_id=AAL40571.1] [location=complement(111105..111338)] [gbkey=CDS],0.325
lcl|AF380138.1_cds_AAL40572.1_114 [gene=A4L] [protein=A4L] [protein_id=AAL40572.1] [location=complement(111353..113287)] [gbkey=CDS],0.365
lcl|AF380138.1_cds_AAL40573.1_115 [gene=A5L] [protein=A5L] [protein_id=AAL40573.1] [location=complement(113340..114185)] [gbkey=CDS],0.427
lcl|AF380138.1_cds_AAL40574.1_116 [gene=A6R] [protein=A6R] [protein_id=AAL40574.1] [location=114223..114708] [gbkey=CDS],0.352
lcl|AF380138.1_cds_AAL40575.1_117 [gene=A7L] [protein=A7L] [protein_id=AAL40575.1] [location=complement(114705..115823)] [gbkey=CDS],0.314
lcl|AF380138.1_cds_AAL40576.1_118 [gene=A8L] [protein=A8L] [protein_id=AAL40576.1] [location=complement(115847..117979)] [gbkey=CDS],0.314
lcl|AF380138.1_cds_AAL40577.1_119 [gene=A9R] [protein=A9R] [protein_id=AAL40577.1] [location=118033..118911] [gbkey=CDS],0.334
lcl|AF380138.1_cds_AAL40578.1_120 [gene=A10L] [protein=A10L] [protein_id=AAL40578.1] [location=complement(118892..119194)] [gbkey=CDS],0.320
lcl|AF380138.1_cds_AAL40579.1_121 [gene=A11L] [protein=A11L] [protein_id=AAL40579.1] [location=complement(119195..121870)] [gbkey=CDS],0.342
lcl|AF380138.1_cds_AAL40580.1_122 [gene=A12R] [protein=A12R] [protein_id=AAL40580.1] [location=121885..122841] [gbkey=CDS],0.342
lcl|AF380138.1_cds_AAL40581.1_123 [gene=A13L] [protein=A13L] [protein_id=AAL40581.1] [location=complement(122843..123415)] [gbkey=CDS],0.384
lcl|AF380138.1_cds_AAL40582.1_124 [gene=A14L] [protein=A14L] [protein_id=AAL40582.1] [location=complement(123439..123651)] [gbkey=CDS],0.347
lcl|AF380138.1_cds_AAL40583.1_125 [gene=A15L] [protein=A15L] [protein_id=AAL40583.1] [location=complement(123757..124029)] [gbkey=CDS],0.388
lcl|AF380138.1_cds_AAL40584.1_126 [gene=A16L] [protein=A16L] [protein_id=AAL40584.1] [location=complement(124197..124481)] [gbkey=CDS],0.319
lcl|AF380138.1_cds_AAL40585.1_127 [gene=A17L] [protein=A17L] [protein_id=AAL40585.1] [location=complement(124465..125598)] [gbkey=CDS],0.335
lcl|AF380138.1_cds_AAL40586.1_128 [gene=A18L] [protein=A18L] [protein_id=AAL40586.1] [location=complement(125601..126215)] [gbkey=CDS],0.325
lcl|AF380138.1_cds_AAL40587.1_129 [gene=A19R] [protein=A19R] [protein_id=AAL40587.1] [location=126230..127708] [gbkey=CDS],0.343
lcl|AF380138.1_cds_AAL40588.1_130 [gene=A20L] [protein=A20L] [protein_id=AAL40588.1] [location=complement(127689..127922)] [gbkey=CDS],0.406
lcl|AF380138.1_cds_AAL40589.1_131 [gene=A21L] [protein=A21L] [protein_id=AAL40589.1] [location=complement(127923..128270)] [gbkey=CDS],0.316
lcl|AF380138.1_cds_AAL40590.1_132 [gene=A22R] [protein=A22R] [protein_id=AAL40590.1] [location=128269..129549] [gbkey=CDS],0.315
lcl|AF380138.1_cds_AAL40591.1_133 [gene=A23R] [protein=A23R] [protein_id=AAL40591.1] [location=129479..130042] [gbkey=CDS],0.353
lcl|AF380138.1_cds_AAL40592.1_134 [gene=A24R] [protein=A24R] [protein_id=AAL40592.1] [location=130062..131210] [gbkey=CDS],0.314
lcl|AF380138.1_cds_AAL40593.1_135 [gene=A25R] [protein=A25R] [protein_id=AAL40593.1] [location=131207..134701] [gbkey=CDS],0.354
lcl|AF380138.1_cds_AAL40594.1_136 [gene=A26L] [protein=A26L] [protein_id=AAL40594.1] [location=complement(135473..135700)] [gbkey=CDS],0.399
lcl|AF380138.1_cds_AAL40595.1_137 [gene=A27L] [protein=A27L] [protein_id=AAL40595.1] [location=complement(135815..137905)] [gbkey=CDS],0.370
lcl|AF380138.1_cds_AAL40596.1_138 [gene=A28L] [protein=A28L] [protein_id=AAL40596.1] [location=complement(137951..139513)] [gbkey=CDS],0.324
lcl|AF380138.1_cds_AAL40597.1_139 [gene=A29L] [protein=A29L] [protein_id=AAL40597.1] [location=complement(139564..139896)] [gbkey=CDS],0.381
lcl|AF380138.1_cds_AAL40598.1_140 [gene=A30L] [protein=A30L] [protein_id=AAL40598.1] [location=complement(139897..140337)] [gbkey=CDS],0.340
lcl|AF380138.1_cds_AAL40599.1_141 [gene=A31L] [protein=A31L] [protein_id=AAL40599.1] [location=complement(140338..141255)] [gbkey=CDS],0.318
lcl|AF380138.1_cds_AAL40600.1_142 [gene=A32L] [protein=A32L] [protein_id=AAL40600.1] [location=complement(141218..141451)] [gbkey=CDS],0.321
lcl|AF380138.1_cds_AAL40601.1_143 [gene=A33R] [protein=A33R] [protein_id=AAL40601.1] [location=141611..142039] [gbkey=CDS],0.263
lcl|AF380138.1_cds_AAL40602.1_144 [gene=A34L] [protein=A34L] [protein_id=AAL40602.1] [location=complement(142006..142908)] [gbkey=CDS],0.301
lcl|AF380138.1_cds_AAL40603.1_145 [gene=A35R] [protein=A35R] [protein_id=AAL40603.1] [location=142936..143481] [gbkey=CDS],0.396
lcl|AF380138.1_cds_AAL40604.1_146 [gene=A36R] [protein=A36R] [protein_id=AAL40604.1] [location=143486..143992] [gbkey=CDS],0.335
lcl|AF380138.1_cds_AAL40605.1_147 [gene=A37R] [protein=A37R] [protein_id=AAL40605.1] [location=144036..144566] [gbkey=CDS],0.320
lcl|AF380138.1_cds_AAL40606.1_148 [gene=A38R] [protein=A38R] [protein_id=AAL40606.1] [location=144611..145249] [gbkey=CDS],0.332
lcl|AF380138.1_cds_AAL40607.1_149 [gene=A39R] [protein=A39R] [protein_id=AAL40607.1] [location=145363..146169] [gbkey=CDS],0.337
lcl|AF380138.1_cds_AAL40608.1_150 [gene=A40L] [protein=A40L] [protein_id=AAL40608.1] [location=complement(146421..147254)] [gbkey=CDS],0.323
lcl|AF380138.1_cds_AAL40609.1_151 [gene=A41L] [protein=A41L] [protein_id=AAL40609.1] [location=complement(147981..148646)] [gbkey=CDS],0.323
lcl|AF380138.1_cds_AAL40610.1_152 [gene=A42R] [protein=A42R] [protein_id=AAL40610.1] [location=148842..149243] [gbkey=CDS],0.388
lcl|AF380138.1_cds_AAL40611.1_153 [gene=A43R] [protein=A43R] [protein_id=AAL40611.1] [location=149281..149874] [gbkey=CDS],0.271
lcl|AF380138.1_cds_AAL40612.1_154 [gene=A44R] [protein=A44R] [protein_id=AAL40612.1] [location=149894..150118] [gbkey=CDS],0.302
lcl|AF380138.1_cds_AAL40613.1_155 [gene=A45L] [protein=A45L] [protein_id=AAL40613.1] [location=complement(150212..151252)] [gbkey=CDS],0.386
lcl|AF380138.1_cds_AAL40614.1_156 [gene=A46R] [protein=A46R] [protein_id=AAL40614.1] [location=151299..151676] [gbkey=CDS],0.315
lcl|AF380138.1_cds_AAL40615.1_157 [gene=A47R] [protein=A47R] [protein_id=AAL40615.1] [location=151666..152388] [gbkey=CDS],0.339
lcl|AF380138.1_cds_AAL40616.1_158 [gene=A48R] [protein=A48R] [protein_id=AAL40616.1] [location=152404..152658] [gbkey=CDS],0.267
lcl|AF380138.1_cds_AAL40617.1_159 [gene=A49R] [protein=A49R] [protein_id=AAL40617.1] [location=153468..154082] [gbkey=CDS],0.359
lcl|AF380138.1_cds_AAL40618.1_160 [gene=A50R] [protein=A50R] [protein_id=AAL40618.1] [location=154648..156312] [gbkey=CDS],0.332
lcl|AF380138.1_cds_AAL40619.1_161 [gene=A51R] [protein=A51R] [protein_id=AAL40619.1] [location=156366..157370] [gbkey=CDS],0.338
lcl|AF380138.1_cds_AAL40620.1_162 [gene=B1R] [protein=B1R] [protein_id=AAL40620.1] [location=158318..158530] [gbkey=CDS],0.305
lcl|AF380138.1_cds_AAL40621.1_163 [gene=B2R] [protein=B2R] [protein_id=AAL40621.1] [location=158617..159558] [gbkey=CDS],0.348
lcl|AF380138.1_cds_AAL40622.1_164 [gene=B3R] [protein=B3R] [protein_id=AAL40622.1] [location=160325..161224] [gbkey=CDS],0.344
lcl|AF380138.1_cds_AAL40623.1_165 [gene=B4R] [protein=B4R] [protein_id=AAL40623.1] [location=161299..162810] [gbkey=CDS],0.392
lcl|AF380138.1_cds_AAL40624.1_166 [gene=B5R] [protein=B5R] [protein_id=AAL40624.1] [location=163058..164743] [gbkey=CDS],0.279
lcl|AF380138.1_cds_AAL40625.1_167 [gene=B6R] [protein=B6R] [protein_id=AAL40625.1] [location=164845..165798] [gbkey=CDS],0.358
lcl|AF380138.1_cds_AAL40626.1_168 [gene=B7R] [protein=B7R] [protein_id=AAL40626.1] [location=165891..166421] [gbkey=CDS],0.333
lcl|AF380138.1_cds_AAL40627.1_169 [gene=B8R] [protein=B8R] [protein_id=AAL40627.1] [location=166458..167006] [gbkey=CDS],0.282
lcl|AF380138.1_cds_AAL40628.1_170 [gene=B9R] [protein=B9R] [protein_id=AAL40628.1] [location=167061..167864] [gbkey=CDS],0.363
lcl|AF380138.1_cds_AAL40629.1_171 [gene=B10R] [protein=B10R] [protein_id=AAL40629.1] [location=167957..168622] [gbkey=CDS],0.357
lcl|AF380138.1_cds_AAL40630.1_172 [gene=B11R] [protein=B11R] [protein_id=AAL40630.1] [location=169744..170592] [gbkey=CDS],0.324
lcl|AF380138.1_cds_AAL40631.1_173 [gene=B12R] [protein=B12R] [protein_id=AAL40631.1] [location=170707..171741] [gbkey=CDS],0.363
lcl|AF380138.1_cds_AAL40632.1_174 [gene=B13R] [protein=B13R] [protein_id=AAL40632.1] [location=171868..172317] [gbkey=CDS],0.433
lcl|AF380138.1_cds_AAL40633.1_175 [gene=B14R] [protein=B14R] [protein_id=AAL40633.1] [location=172403..173383] [gbkey=CDS],0.346
lcl|AF380138.1_cds_AAL40634.1_176 [gene=B15L] [protein=B15L] [protein_id=AAL40634.1] [location=complement(173429..173665)] [gbkey=CDS],0.270
lcl|AF380138.1_cds_AAL40635.1_177 [gene=B16R] [protein=B16R] [protein_id=AAL40635.1] [location=174203..175261] [gbkey=CDS],0.352
lcl|AF380138.1_cds_AAL40636.1_178 [gene=B17R] [protein=B17R] [protein_id=AAL40636.1] [location=175330..177711] [gbkey=CDS],0.307
lcl|AF380138.1_cds_AAL40637.1_179 [gene=B18R] [protein=B18R] [protein_id=AAL40637.1] [location=177857..178069] [gbkey=CDS],0.319
lcl|AF380138.1_cds_AAL40638.1_180 [gene=B19R] [protein=B19R] [protein_id=AAL40638.1] [location=178963..180036] [gbkey=CDS],0.325
lcl|AF380138.1_cds_AAL40639.1_181 [gene=B20R] [protein=B20R] [protein_id=AAL40639.1] [location=180215..180787] [gbkey=CDS],0.379
lcl|AF380138.1_cds_AAL40640.1_182 [gene=B21R] [protein=B21R] [protein_id=AAL40640.1] [location=181046..186685] [gbkey=CDS],0.350
lcl|AF380138.1_cds_AAL40641.1_183 [gene=K1R] [protein=K1R] [protein_id=AAL40641.1] [location=187567..187779] [gbkey=CDS],0.366
lcl|AF380138.1_cds_AAL40642.1_184 [gene=R1R] [protein=R1R] [protein_id=AAL40642.1] [location=188372..188689] [gbkey=CDS],0.358
lcl|AF380138.1_cds_AAL40643.1_185 [gene=N1R] [protein=N1R] [protein_id=AAL40643.1] [location=188894..189355] [gbkey=CDS],0.433
lcl|AF380138.1_cds_AAL40644.1_186 [gene=N2R] [protein=N2R] [protein_id=AAL40644.1] [location=189703..189924] [gbkey=CDS],0.266
lcl|AF380138.1_cds_AAL40645.1_187 [gene=N3R] [protein=N3R] [protein_id=AAL40645.1] [location=190103..190633] [gbkey=CDS],0.299
lcl|AF380138.1_cds_AAL40646.1_188 [gene=N4R] [protein=N4R] [protein_id=AAL40646.1] [location=190749..192062] [gbkey=CDS],0.321
lcl|AF380138.1_cds_AAL40647.1_189 [gene=J1R] [protein=J1R] [protein_id=AAL40647.1] [location=192219..193982] [gbkey=CDS],0.374
lcl|AF380138.1_cds_AAL40648.1_190 [gene=J2R] [protein=J2R] [protein_id=AAL40648.1] [location=194073..195119] [gbkey=CDS],0.399
lcl|AF380138.1_cds_AAL40649.1_191 [gene=J3R] [protein=J3R] [protein_id=AAL40649.1] [location=195248..195988] [gbkey=CDS],0.430
